raw_name,group_name
ST ROSYAM MART (SEMENYIH),SRI TERNAK
"SRI TERNAK FOOD MART SDN BHD, SELAYANG",SRI TERNAK
SRI TERNAK MART (SK) SDN BHD,SRI TERNAK
ST ROSYAM MART (SHAH ALAM),SRI TERNAK
ST ROSYAM MART SDN BHD - KLANG,SRI TERNAK
ST ROSYAM MART SDN BHD-JAKEL SQUARE,SRI TERNAK
ST ROSYAM MART SDN BHD (SETIAWANGSA),SRI TERNAK
ST ROSYAM MART SDN BHD - SNWG,SRI TERNAK
ST ROSYAM MART (SG BULOH) SDN BHD,SRI TERNAK
ST ROSYAM MART (TMN EHSAN) SDN BHD,SRI TERNAK
ST ROSYAM WHOLESALE EXPRESS SDN BHD (R002) USJ,SRI TERNAK
CS BROTHERS SDN BHD,CS BROTHERS
CS BROTHERS - BANGI,CS BROTHERS
CS BROTHERS - C0084,CS BROTHERS
CS BROTHERS - H. LANGAT,CS BROTHERS
CS BROTHERS - KAJANG,CS BROTHERS
CS BROTHERS - T.PRK,CS BROTHERS
CS BROTHERS - D.PERD,CS BROTHERS
CS GROCER SDN BHD (KAJANG REKO),CS GROCER
CS GROCER SDN BHD (PUCHONG),CS GROCER
TARGET SUPERMARKET SDN BHD - CAWANGAN MASAI (TMS),TARGET
TARGET SUPERMARKET (BENUT) SDN BHD,TARGET
TARGET SUPERMARKET (SIMPANG RENGGAM) SDN BHD,TARGET
TARGET SUPERMARKET (AYER HITAM) SDN BHD,TARGET
TARGET SUPERMARKET (PARIT RAJA) SDN BHD,TARGET
TARGET SUPERMARKET SDN BHD - CAWANGAN YONG PENG,TARGET
TARGET SUPERMARKET (SRI KLUANG) SDN BHD,TARGET
TARGET SUPERMARKET (BATU PAHAT) SDN BHD,TARGET
TARGET SUPERMARKET SDN BHD- BRANCH GPR,TARGET
TARGET SUPERMARKET (KLUANG) SDN BHD,TARGET
TARGET SUPERMARKET (TAMAN KLUANG PERDANA) SDN BHD,TARGET
TARGET SUPERMARKET (PONTIAN) SDN BHD,TARGET
TARGET SUPERMARKET (KULAI) SDN BHD,TARGET
TARGET SUPERMARKET (BUKIT BAKRI) SDN BHD,TARGET
TARGET SUPERMARKET SDN BHD -BRANCH TSC,TARGET
BAHAU ZEMART SDN BHD,TABAHAU ZEMART SDN BHD
BILLION MART (TANJUNG CHAT) SDN. BHD.,BILLION MART (TANJUNG CHAT) SDN. BHD.
BORONG DIN AS CASH & CARRY (ALOR JANGGUS),BORONG DIN AS CASH & CARRY
BORONG DIN AS CASH & CARRY (PADANG BESAR),BORONG DIN AS CASH & CARRY
BORONG DIN AS CASH & CARRY (SERIAB),BORONG DIN AS CASH & CARRY
BORONG DIN AS CASH & CARRY SB - PENDANG,BORONG DIN AS CASH & CARRY
BORONG DIN AS CASH & CARRY SDN BHD (JEJAWI),BORONG DIN AS CASH & CARRY
BORONG DIN AS CASH & CARRY SDN BHD (KANGAR KAPITOL),BORONG DIN AS CASH & CARRY
BORONG DIN AS CASH & CARRY SDN BHD (KANGAR),BORONG DIN AS CASH & CARRY
BORONG DIN AS CASH & CARRY SDN BHD (KUALA PERLIS),BORONG DIN AS CASH & CARRY
BORONG DIN AS CASH & CARRY SDN BHD (PAUH),BORONG DIN AS CASH & CARRY
BORONG DIN AS CASH & CARRY SDN BHD (POKOK SENA),BORONG DIN AS CASH & CARRY
BORONG DIN AS CASH & CARRY SDN BHD (SENA),BORONG DIN AS CASH & CARRY
BORONG DIN AS CASH & CARRY SDN BHD (SIMPANG EMPAT),BORONG DIN AS CASH & CARRY
CB FROZEN FOOD SDN BHD - DC,CB FROZEN FOOD SDN BHD - DC
FS FAMILY STORE SDN BHD,FS FAMILY STORE SDN BHD
GT MART SDN BHD,GT MART SDN BHD
SIKAMAT FAMILY STORE SDN BHD,SIKAMAT FAMILY STORE SDN BHD
HOCK MEI TRADING SDN BHD (TAMAN MEDAN),HOCK MEI SDN BHD
HOCK MEI (KAJANG SUNGAI CHUA),HOCK MEI SDN BHD
HOCK MEI TRADING (BANGI),HOCK MEI SDN BHD
KENWINGSTON GROCER SDN. BHD.,KENWINGSTON GROCER SDN. BHD.
KENWINGSTON GROCER SDN. BHD. - KSG CYBER JAYA,KENWINGSTON GROCER SDN. BHD.
KENWINGSTON GROCER SDN. BHD. (KEN'S GROCER@ KSG CYBER JAYA),KENWINGSTON GROCER SDN. BHD.
KENWINGSTON GROCER SDN. BHD. (MMZZ GROCER @ BLOOMSVALE),KENWINGSTON GROCER SDN. BHD.
KENWINGSTON GROCER SDN. BHD.(MMZZ GROCER @ CHERAS LEN SENG),KENWINGSTON GROCER SDN. BHD.
KENWINGSTON GROCER SDN. BHD.(MMZZ GROCER @ KENWINGSTION PLATZ),KENWINGSTON GROCER SDN. BHD.
KENWINGSTON GROCER SDN. BHD.(MMZZ GROCER @ KENWINGSTION PLAZ),KENWINGSTON GROCER SDN. BHD.
KK FAMILY MART SDN BHD,KK FAMILY MART SDN BHD
KUMPULAN PASARAYA PANTAI TIMUR -BUKIT BUNGA,KUMPULAN PASARAYA PANTAI TIMUR
LS MART PASARAYA  SDN BHD (PS2),LS MART PASARAYA SDN BHD
LS MART PASARAYA (SG.DUA) SDN.BHD.,LS MART PASARAYA SDN BHD
LS MART PASARAYA (TANGLING) SDN BHD,LS MART PASARAYA SDN BHD
LS MART PASARAYA SDN BHD (BTM),LS MART PASARAYA SDN BHD
LS MART PASARAYA SDN BHD (GSP),LS MART PASARAYA SDN BHD
LS MART PASARAYA SDN BHD (GTK),LS MART PASARAYA SDN BHD
LS MART PASARAYA SDN BHD (TASEK GELUGOR),LS MART PASARAYA SDN BHD
LS MART PASARAYA SDN BHD-SPC,LS MART PASARAYA SDN BHD
LS MART PASARAYA SDN. BHD (J.JURU) HQ,LS MART PASARAYA SDN BHD
LS MART PASARAYA SDN.BHD. (JURU),LS MART PASARAYA SDN BHD
LS MART PASARAYA (SIMPANG AMPAT),LS MART PASARAYA SDN BHD
LS MART PASARAYA SDN BHD,LS MART PASARAYA SDN BHD
LS MART PASARAYA SDN BHD (PB),LS MART PASARAYA SDN BHD
LS MART PASARAYA SDN BHD (PS),LS MART PASARAYA SDN BHD
LS MART PASARAYA SDN BHD (SP),LS MART PASARAYA SDN BHD
LS MART PASARAYA SDN BHD (TDD),LS MART PASARAYA SDN BHD
LS MART PASARAYA SDN BHD-TBM,LS MART PASARAYA SDN BHD
LS MART PASARAYA SDN. BHD (J.JURU),LS MART PASARAYA SDN BHD
LS MART PASARAYA SDN. BHD. (KB),LS MART PASARAYA SDN BHD
MANTIN ZEMART SDN BHD,MANTIN ZEMART SDN BHD
MASLEE EXPRESS SDN. BHD.,MASLEE EXPRESS SDN. BHD.
MASLEE EXPRESS SDN. BHD. (B5),MASLEE EXPRESS SDN. BHD.
MASLEE EXPRESS SDN. BHD. (DESARU UTAMA),MASLEE EXPRESS SDN. BHD.
MASLEE EXPRESS SDN.BHD (PULAI PERDANA),MASLEE EXPRESS SDN. BHD.
MASLEE EXPRESS SDN.BHD. (LARKIN AMAN),MASLEE EXPRESS SDN. BHD.
MASLEE EXPRESS SDN.BHD. (PULAI UTAMA),MASLEE EXPRESS SDN. BHD.
MASLEE EXPRESS SDN.BHD. (TAMAN DAYA),MASLEE EXPRESS SDN. BHD.
MASLEE EXPRESS SDN. BHD.,MASLEE EXPRESS SDN. BHD.
NSK TRADE CITY (KD) SDN BHD,NSK
NSK TRADE CITY (KL) SDN BHD @ PEEL ROAD,NSK
NSK GROCER (KL) SDN. BHD.,NSK
NSK TRADE CITY SDN BHD (KUCHAI LAMA),NSK
NSK TRADE CITY (USJ) SDN BHD (KLANG SENTRAL),NSK
NSK TRADING SDN BHD (KLANG),NSK
NSK TRADE CITY SDN BHD (SELAYANG),NSK
NSK TRADING SDN BHD (RAWANG),NSK
NSK TRADE CITY (RAWANG JAYA) SDN. BHD.,NSK
NSK TRADE CITY (CHERAS) SDN BHD (BATU 9),NSK
NSK TRADE CITY (MELAKA) SDN BHD,NSK
NSK TRADE CITY (MUAR) SDN BHD,NSK
NSK TRADE CITY (NS2) SDN BHD,NSK
NSK TRADE CITY (PANDAN) SDN BHD,NSK
NSK TRADE CITY (UT) SDN BHD,NSK
PANTAI TIMOR HYPERMARKET SDN BHD-PENGKALAN CHEPA,PANTAI TIMOR HYPERMARKET SDN BHD-PENGKALAN CHEPA
PANTAI TIMOR SHOPPING CENTRE (RANTAU) SDN BHD,PANTAI TIMOR SHOPPING CENTRE (RANTAU) SDN BHD
PASARAYA BORONG DIN AS CASH & CARRY SDN BHD (KUALA NERANG),BORONG DIN AS CASH & CARRY
PASARAYA BORONG DIN AS SD BHD (AYER HITAM),BORONG DIN AS CASH & CARRY
PASARAYA BORONG DIN AS SDN BHD (JITRA BDI),PASARAYA BORONG DIN AS SDN BHD
PASARAYA BORONG DIN AS SDN BHD (MERGONG),PASARAYA BORONG DIN AS SDN BHD
PASARAYA BSK SDN BHD (CAWANGAN RAWANG),PASARAYA BSK SDN BHD
PASARAYA BSK SDN. BHD. (CAW. KUALA SELANGOR),PASARAYA BSK SDN BHD
PASARAYA BSK (CAWANGAN TTDI JAYA),PASARAYA BSK SDN BHD
PASARAYA BS JERANTUT SDN BHD,PASARAYA BS SDN BHD
PASARAYA BS PEKAN SDN BHD (PERAMU),PASARAYA BS SDN BHD
PASARAYA BS PEKAN SDN BHD (PERAMU),PASARAYA BS SDN BHD
PASARAYA ECON JAYA ( KELANTAN) SDN BHD,PASARAYA ECON JAYA SDN BHD
PASARAYA ECON JAYA (MACHANG) SDN BHD,PASARAYA ECON JAYA SDN BHD
PASARAYA HWA THAI SDN BHD,PASARAYA HWA THAI SDN BHD
PASARAYA HWA THAI SDN BHD @ BBU,PASARAYA HWA THAI SDN BHD
PASARAYA HWA THAI SDN BHD @ BESTMART,PASARAYA HWA THAI SDN BHD
PASARAYA HWA THAI SDN BHD @ GELANG PATAH,PASARAYA HWA THAI SDN BHD
PASARAYA HWA THAI SDN BHD @ KOTA TINGGI,PASARAYA HWA THAI SDN BHD
PASARAYA HWA THAI SDN BHD @ LARKIN,PASARAYA HWA THAI SDN BHD
PASARAYA HWA THAI SDN BHD @ MASAI,PASARAYA HWA THAI SDN BHD
PASARAYA HWA THAI SDN BHD @ PANDAN 2,PASARAYA HWA THAI SDN BHD
PASARAYA HWA THAI SDN BHD @ PLENTONG,PASARAYA HWA THAI SDN BHD
PASARAYA HWA THAI SDN BHD @ SALENG,PASARAYA HWA THAI SDN BHD
PASARAYA HWA THAI SDN BHD @ SEGAMAT,PASARAYA HWA THAI SDN BHD
PASARAYA HWA THAI SDN BHD @ TAMPOI,PASARAYA HWA THAI SDN BHD
PASARAYA HWA THAI SDN BHD @ THE COMMUNE,PASARAYA HWA THAI SDN BHD
PASARAYA JAYA GADING (MM) SDN BHD- TANAH MERAH,PASARAYA JAYA GADING
PASARAYA JAYA GADING (MT) SDN BHD-KUALA KRAI,PASARAYA JAYA GADING
PERNIAGAAN PAK TORI SDN BHD (PDG SERA),PERNIAGAAN PAK TORI SDN BHD
PASARAYA KITO (PT) SDN BHD,PASARAYA KITO (PT) SDN BHD
PASARAYA PANTAI TIMOR (PASIR MAS),PASARAYA PANTAI TIMOR
PASARAYA PANTAI TIMOR (PM) S/B-KUALA KRAI,PASARAYA PANTAI TIMOR
PASARAYA PANTAI TIMOR (PT) SDN BHD,PASARAYA PANTAI TIMOR
PASARAYA PANTAI TIMOR (PT) SDN BHD - MACHANG,PASARAYA PANTAI TIMOR
PASARAYA PANTAI TIMOR (BACHOK) SDN BHD,PASARAYA PANTAI TIMOR
PASARAYA PANTAI TIMOR (PASIR MAS) -KUALA BESUT,PASARAYA PANTAI TIMOR
PERNIAGAAN PAK TORI SDN. BHD.,PERNIAGAAN PAK TORI SDN. BHD.
SALAMKU GROCERY (PC) SDN BHD,SALAMKU GROCERY SDN BHD
SALAMKU GROCERY (SERING) SDN BHD,SALAMKU GROCERY SDN BHD
SALAMKU RETAIL (BM) SDN BHD,SALAMKU RETAIL (BM) SDN BHD
SALAMKU SUPER MARKET (PP) SDN BHD,SALAMKU SUPER MARKET (PP) SDN BHD
SALAMKU ACTIVE STORE SDN BHD,SALAMKU ACTIVE STORE SDN BHD
SALAMKU XTRA (KJ),SALAMKU XTRA
SALAMKU XTRA SDN BHD,SALAMKU XTRA
SALAMKU XTRA (KOK LANAS ) SDN BHD,SALAMKU XTRA
SALAMKU XTRA (PALOH) SDN BHD,SALAMKU XTRA
SENAWANG ZEMART SDN BHD,SENAWANG ZEMART SDN BHD
SOON CHEONG MARINE PRODUCT SDN BHD KLANG,SOON CHEONG MARINE PRODUCT
SOON CHEONG MARINE PRODUCTS (BSD),SOON CHEONG MARINE PRODUCTS
SOON CHEONG MARINE PRODUCTS SDN BHD (GBK),SOON CHEONG MARINE PRODUCTS
STAR GROCER SDN BHD,STAR GROCER SDN BHD
STAR GROCER SDN BHD -  BANDAR GAMUDA GARDENS,STAR GROCER SDN BHD
STAR GROCER SDN BHD -BANDAR TASIK PUTERI,STAR GROCER SDN BHD
TY PASAR RAYA JIMAT  SDN BHD (PENGKALAN),TY PASAR RAYA JIMAT SDN BHD
TY PASAR RAYA JIMAT SDN BHD (KUALA KANGSAR 2),TY PASAR RAYA JIMAT SDN BHD
TY PASAR RAYA JIMAT SDN BHD (KUALA KANGSAR),TY PASAR RAYA JIMAT SDN BHD
TY PASAR RAYA JIMAT SDN BHD (STATION 18),TY PASAR RAYA JIMAT SDN BHD
TY PASAR RAYA JIMAT SDN BHD (TAIPING),TY PASAR RAYA JIMAT SDN BHD
TY PASAR RAYA JIMAT SDN BHD (TELUK INTAN),TY PASAR RAYA JIMAT SDN BHD
TY PASAR RAYA JIMAT SDN BHD (TMN PERPADUAN),TY PASAR RAYA JIMAT SDN BHD
TY PASAR RAYA JIMAT SDN BHD (AMPANG),TY PASAR RAYA JIMAT SDN BHD
TY PASAR RAYA JIMAT SDN BHD (BATU GAJAH),TY PASAR RAYA JIMAT SDN BHD
TY PASAR RAYA JIMAT SDN BHD (KAMUNTING),TY PASAR RAYA JIMAT SDN BHD
TY PASAR RAYA JIMAT SDN BHD (TANJUNG RAMBUTAN),TY PASAR RAYA JIMAT SDN BHD
TY PASAR RAYA JIMAT SDN. BHD. (BATU GAJAH),TY PASAR RAYA JIMAT SDN BHD
V SEGAR MART  (LAPANGAN JAYA) SDN BHD,V SEGAR MART
V SEGAR MART (TAPAH) SDN. BHD.,V SEGAR MART
V SEGAR MART SDN BHD (SUNGAI SIPUT),V SEGAR MART
V SEGAR MART (BATU GAJAH) SDN BHD,V SEGAR MART
V SEGAR MART (MERU) SDN BHD,V SEGAR MART
V SEGAR MART (TG RAMBUTAN) SDN BHD,V SEGAR MART
RJ FAMILY STORE SDN BHD,RJ FAMILY STORE SDN BHD
SUGO GARDEN SDN BHD,SUGO GARDEN SDN BHD
SUGO VILLAGE SDN BHD,SUGO VILLAGE SDN BHD
TFP RETAIL SDN BHD,TFP RETAIL
TFP RETAIL SDN BHD - BANGSAR SHOPPING CENTRE,TFP RETAIL
TFP RETAIL SDN BHD - 168 PARK SELAYANG,TFP RETAIL
TFP RETAIL SDN BHD - ARA DAMANSARA,TFP RETAIL
TFP RETAIL SDN BHD - AVENUE K,TFP RETAIL
TFP RETAIL SDN BHD - BANGSAR VILLAGE,TFP RETAIL
TFP RETAIL SDN BHD - BIG MALL OF MEDINI,TFP RETAIL
TFP RETAIL SDN BHD - BIG PUBLIKA,TFP RETAIL
TFP RETAIL SDN BHD - BIG THE LINC,TFP RETAIL
TFP RETAIL SDN BHD - BUKIT MERTAJAM,TFP RETAIL
TFP RETAIL SDN BHD - CITY JUNCTION,TFP RETAIL
TFP RETAIL SDN BHD - DAMANSARA JAYA,TFP RETAIL
TFP RETAIL SDN BHD - DP ARKADIA,TFP RETAIL
TFP RETAIL SDN BHD - EKOCHERAS,TFP RETAIL
TFP RETAIL SDN BHD - EMPIRE CITY,TFP RETAIL
TFP RETAIL SDN BHD - FIRST AVENUE PENANG,TFP RETAIL
TFP RETAIL SDN BHD - FORUM MALL,TFP RETAIL
TFP RETAIL SDN BHD - GIZA,TFP RETAIL
TFP RETAIL SDN BHD - HARTAMAS SHOPPING CENTER,TFP RETAIL
TFP RETAIL SDN BHD - I-CITY,TFP RETAIL
TFP RETAIL SDN BHD - IOI MALL KULAI,TFP RETAIL
TFP RETAIL SDN BHD - IOI MALL PUCHONG,TFP RETAIL
TFP RETAIL SDN BHD - KIARA BAY,TFP RETAIL
TFP RETAIL SDN BHD - KL GATEWAY,TFP RETAIL
TFP RETAIL SDN BHD - LAMAN SERI HARMONI,TFP RETAIL
TFP RETAIL SDN BHD - LEISURE MALL,TFP RETAIL
TFP RETAIL SDN BHD - M CITY,TFP RETAIL
TFP RETAIL SDN BHD - MELAWATI,TFP RETAIL
TFP RETAIL SDN BHD - MET GALLERIA,TFP RETAIL
TFP RETAIL SDN BHD - MYRA NILAI,TFP RETAIL
TFP RETAIL SDN BHD - MYTOWN,TFP RETAIL
TFP RETAIL SDN BHD - OTK GOMBAK,TFP RETAIL
TFP RETAIL SDN BHD - OTK SENTUL,TFP RETAIL
TFP RETAIL SDN BHD - PARADIGM MALL JB,TFP RETAIL
TFP RETAIL SDN BHD - PAVILION DAMANSARA HEIGHT,TFP RETAIL
TFP RETAIL SDN BHD - PAVILION KUALA LUMPUR,TFP RETAIL
TFP RETAIL SDN BHD - QUEENS WATERFRONT PENANG,TFP RETAIL
TFP RETAIL SDN BHD - SKS CITY MALL,TFP RETAIL
TFP RETAIL SDN BHD - SOUTHKEY,TFP RETAIL
TFP RETAIL SDN BHD - SUBANG MURNI,TFP RETAIL
TFP RETAIL SDN BHD - SUBANG PARADE,TFP RETAIL
TFP RETAIL SDN BHD - TAMARIND SQUARE,TFP RETAIL
TFP RETAIL SDN BHD - GAMUDA WALK,TFP RETAIL
TFP RETAIL SDN BHD - MEGAH RISE,TFP RETAIL
TFP RETAIL SDN BHD - OTK PUCHONG,TFP RETAIL
TFP RETAIL SDN BHD - SIERRA FRESCO,TFP RETAIL
TFP RETAIL SDN BHD - SUNWAY SQUARE,TFP RETAIL
TFP RETAIL SDN BHD -ARA DAMANSARA,TFP RETAIL
TFP RETAIL SDN BHD -AVENUE K,TFP RETAIL
TFP RETAIL SDN BHD -BANGSAR VILLAGE,TFP RETAIL
TFP RETAIL SDN BHD -BUKIT MERTAJAM,TFP RETAIL
TFP RETAIL SDN BHD -DAMANSARA JAYA,TFP RETAIL
TFP RETAIL SDN BHD -DP ARKADIA,TFP RETAIL
TFP RETAIL SDN BHD -KL GATEWAY,TFP RETAIL
TFP RETAIL SDN BHD -MELAWATI,TFP RETAIL
TFP RETAIL SDN BHD -MYTOWN,TFP RETAIL
TFP RETAIL SDN BHD -SOUTHKEY,TFP RETAIL
TFP RETAIL SDN BHD @ BIG MALL OF MEDINI,TFP RETAIL
TFP RETAIL SDN BHD @ M CITY,TFP RETAIL
TFP RETAIL SDN BHD @ MEGAH RISE,TFP RETAIL
TFP RETAIL SDN BHD @ MELAWATI,TFP RETAIL
TFP RETAIL SDN BHD @TASEK CENTRAL,TFP RETAIL
TFP RETAIL SDN BHD- OTK GOMBAK,TFP RETAIL
TFP RETAIL SDN BHD- OTK SENTUL,TFP RETAIL
TFP RETAIL SDN BHD- SKS CITY MALL,TFP RETAIL
TFP RETAIL SDN BHD -BIG IPC,TFP RETAIL
TFP RETAIL SDN BHD@ LAMAN SERI HARMONI,TFP RETAIL
TFP RETAIL SDN BHD -GAMUDA WALK,TFP RETAIL
TFP RETAIL SDN BHD -MEGAH RISE,TFP RETAIL
TFP RETAIL SDN BHD -OTK GOMBAK,TFP RETAIL
TFP RETAIL SDN BHD -OTK SENTUL,TFP RETAIL
TFP RETAIL SDN BHD -OTK PUCHONG,TFP RETAIL
TFP RETAIL SDN BHD -EMPIRE CITY,TFP RETAIL
TFP RETAIL SDN BHD -SIERRA FRESCO,TFP RETAIL
TFP RETAIL SDN BHD -SUNWAY SQUARE,TFP RETAIL
TFP RETAIL SDN BHD -TAMARIND SQUARE,TFP RETAIL
TFP RETAIL SDN BHD@ SUNWAY SQUARE,TFP RETAIL
TFP RETAIL SDN BHD - TASEK CENTRAL,TFP RETAIL
ECONSAVE - AJ,ECONSAVE
ECONSAVE - ALMA,ECONSAVE
ECONSAVE - AMPANG BARU,ECONSAVE
ECONSAVE - ANGSANA,ECONSAVE
ECONSAVE - APG,ECONSAVE
ECONSAVE - AYER HITAM,ECONSAVE
ECONSAVE - BAGAN SERAI,ECONSAVE
ECONSAVE - BAHAU,ECONSAVE
ECONSAVE - BAKRI,ECONSAVE
ECONSAVE - BANDAR PUTERI JAYA,ECONSAVE
ECONSAVE - BANDAR SERI BOTANI,ECONSAVE
ECONSAVE - BANGI,ECONSAVE
ECONSAVE - BATANG KALI,ECONSAVE
ECONSAVE - BATU BERENDAM,ECONSAVE
ECONSAVE - BATU GAJAH,ECONSAVE
ECONSAVE - BERCHAM,ECONSAVE
ECONSAVE - BUKIT GAMBIR,ECONSAVE
ECONSAVE - BUKIT KEMUNING,ECONSAVE
ECONSAVE - BUTTERWORTH,ECONSAVE
ECONSAVE - DAIMAN JAYA,ECONSAVE
ECONSAVE - DESA COALFIELDS,ECONSAVE
ECONSAVE - ECONSAVE BALING,ECONSAVE
ECONSAVE - GBK,ECONSAVE
ECONSAVE - GM,ECONSAVE
ECONSAVE - GRK(EC),ECONSAVE
ECONSAVE - HAMZAH ALANG,ECONSAVE
ECONSAVE - HUTAN MELINTANG,ECONSAVE
ECONSAVE - JAWI,ECONSAVE
ECONSAVE - JENGKA,ECONSAVE
ECONSAVE - JERANTUT,ECONSAVE
ECONSAVE - JS (JELAPANG),ECONSAVE
ECONSAVE - JSC,ECONSAVE
ECONSAVE - KAMPAR,ECONSAVE
ECONSAVE - KAMPUNG JAWA,ECONSAVE
ECONSAVE - KAMUNTING,ECONSAVE
ECONSAVE - KAPAR,ECONSAVE
ECONSAVE - KD,ECONSAVE
ECONSAVE - KG BARU SUBANG,ECONSAVE
ECONSAVE - KIPMALL SEPANG,ECONSAVE
ECONSAVE - KJ,ECONSAVE
ECONSAVE - KKS,ECONSAVE
ECONSAVE - KLEBANG,ECONSAVE
ECONSAVE - KLUANG,ECONSAVE
ECONSAVE - KOTA MASAI,ECONSAVE
ECONSAVE - KSEL,ECONSAVE
ECONSAVE - KT,ECONSAVE
ECONSAVE - KUALA PILAH,ECONSAVE
ECONSAVE - KUBANG KERIAN,ECONSAVE
ECONSAVE - LUKUT,ECONSAVE
ECONSAVE - MANJUNG,ECONSAVE
ECONSAVE - NILAI,ECONSAVE
ECONSAVE - PADANG SERAI,ECONSAVE
ECONSAVE - PARIT BUNTAR,ECONSAVE
ECONSAVE - PASIR PUTEH,ECONSAVE
ECONSAVE - PDI,ECONSAVE
ECONSAVE - PDS,ECONSAVE
ECONSAVE - PENGERANG,ECONSAVE
ECONSAVE - PERMAS JAYA,ECONSAVE
ECONSAVE - PMH,ECONSAVE
ECONSAVE - POKOK SENA,ECONSAVE
ECONSAVE - PONTIAN,ECONSAVE
ECONSAVE - PSK,ECONSAVE
ECONSAVE - RAJA UDA,ECONSAVE
ECONSAVE - RINCING,ECONSAVE
ECONSAVE - SCOTT GARDEN,ECONSAVE
ECONSAVE - SD/CR,ECONSAVE
ECONSAVE - SE,ECONSAVE
ECONSAVE - SEGAMAT,ECONSAVE
ECONSAVE - SENAI,ECONSAVE
ECONSAVE - SIMPANG RENGGAM,ECONSAVE
ECONSAVE - SLIM RIVER,ECONSAVE
ECONSAVE - SUNGAI BULOH,ECONSAVE
ECONSAVE - SUNGAI UDANG,ECONSAVE
ECONSAVE - TAMAN DAYA,ECONSAVE
ECONSAVE - TAMAN PETANI JAYA,ECONSAVE
ECONSAVE - TAMAN PUTRI KULAI,ECONSAVE
ECONSAVE - TAMPIN,ECONSAVE
ECONSAVE - TK,ECONSAVE
ECONSAVE - TP/AP,ECONSAVE
ECONSAVE - TS,ECONSAVE
ECONSAVE - TT,ECONSAVE
ECONSAVE - YONG PENG,ECONSAVE
ECONSAVE - AULONG,ECONSAVE
ECONSAVE - BALAKONG,ECONSAVE
ECONSAVE - BANTING,ECONSAVE
ECONSAVE - DAMANSARA DAMAI,ECONSAVE
ECONSAVE - DESA CEMERLANG,ECONSAVE
ECONSAVE - FOREST HEIGHT,ECONSAVE
ECONSAVE - GEMAS,ECONSAVE
ECONSAVE - JENJAROM,ECONSAVE
ECONSAVE - JERAM,ECONSAVE
ECONSAVE - JERAM BATU,ECONSAVE
ECONSAVE - KL FESTIVAL,ECONSAVE
ECONSAVE - KLANG PARADE,ECONSAVE
ECONSAVE - LANGKAP,ECONSAVE
ECONSAVE - LENGGONG,ECONSAVE
ECONSAVE - MALIM,ECONSAVE
ECONSAVE - MUAR,ECONSAVE
ECONSAVE - SEGAR PERDANA,ECONSAVE
ECONSAVE - SEMENYIH,ECONSAVE
ECONSAVE - SMT,ECONSAVE
ECONSAVE - PPD,ECONSAVE
ECONSAVE - SOUTH CITY PLAZA,ECONSAVE
ECONSAVE - SRI ISKANDAR,ECONSAVE
ECONSAVE - TERATAI,ECONSAVE
ECONSAVE - TRIANG,ECONSAVE
ECONSAVE CASH & CARRY (KD) SDN. BHD.,ECONSAVE
ECONSAVE -,ECONSAVE
AEON (KL RDC),AEON (KL RDC)
AEON BIG,AEON BIG
AL-BAIK MINI MARKET,AL-BAIK MINI MARKET
ECONSAVE - RINCHING,ECONSAVE
AS GLOBAL ENTERPRISES SDN BHD,AS GLOBAL ENTERPRISES SDN BHD
BALAJI ENTERPRISE SDN BHD,BALAJI ENTERPRISE SDN BHD
CFS MARKETING SERVICES SDN. BHD.,CFS MARKETING SERVICES SDN. BHD.
CHEF ONE ZERO ONE ENTERPRISE,CHEF ONE ZERO ONE ENTERPRISE
CHIN WANG SUCCESS TRADING,CHIN WANG SUCCESS TRADING
DC SEPANG FLOW THROUGH,DC SEPANG FLOW THROUGH
ECO SHOP MARKETING SDN BHD,ECO SHOP MARKETING SDN BHD
EDIBLE SPECIALITIES SDN BHD,EDIBLE SPECIALITIES SDN BHD
GLOBAL FOOD MERCHANT HOLDINGS SDN BHD,GLOBAL FOOD MERCHANT HOLDINGS SDN BHD
HING KWANG KENG,HING KWANG KENG
LOTUSS STORES (MALAYSIA) SDN BHD,LOTUSS STORES (MALAYSIA) SDN BHD
KONSORTIUM YAKIN (YAKIN HALAL MART),KONSORTIUM YAKIN (YAKIN HALAL MART)
HENG LEE & SONS ENTERPRISE SDN. BHD.,HENG LEE & SONS ENTERPRISE SDN. BHD.
MANGALA THEEBAM WHOLESALE CASH & CARRY SDN.BHD,MANGALA THEEBAM WHOLESALE CASH & CARRY SDN.BHD
MTM MART TAMAN SAMUDERA,MTM MART TAMAN SAMUDERA
MY HERO HYPERMARKET SDN BHD,MY HERO HYPERMARKET SDN BHD
MY HERO HYPERMARKET SDN. BHD.,MY HERO HYPERMARKET SDN BHD
MYDIN MOHAMED HOLDINGS BHD,MYDIN MOHAMED HOLDINGS BHD
NAZURAH RESOURCES (PASARAYA 7D),NAZURAH RESOURCES (PASARAYA 7D)
NINSO GLOBAL SDN BHD,NINSO GLOBAL SDN BHD
NSK PROPERTY SDN. BHD.,NSK
PASAR RAYA SRI KASSIM SDN BHD,PASAR RAYA SRI KASSIM SDN BHD
PASARAYA BS TEMERLOH SDN BHD,PASARAYA BS
PASARAYA BS TRIANG SDN. BHD.,PASARAYA BS
PASARAYA EKONOMI YUAN HUAT,PASARAYA EKONOMI YUAN HUAT
PASARAYA T.S. MEGA (CHERAS) SDN BHD,PASARAYA T.S. MEGA (CHERAS) SDN BHD
PELITA HIJRAH SDN BHD,PELITA HIJRAH SDN BHD
PEMASARAN SURIA TIMUR (M) SDN. BHD,PEMASARAN SURIA TIMUR (M) SDN. BHD
SELERA UMI SDN. BHD.,SELERA UMI SDN. BHD.
SHAIK DAWOOD FEROZ (SAP) SDN.BHD. (S.AMPAT),SHAIK DAWOOD FEROZ (SAP) SDN.BHD. (S.AMPAT)
SLL FRESH AND FROZEN MART,SLL FRESH AND FROZEN MART
SW GROCERY SDN BHD @ MR.YEE SOOK HAN,SW GROCERY SDN BHD @ MR.YEE SOOK HAN
TERANG TT DISTRIBUTOR,TERANG TT DISTRIBUTOR
TF VALUE-MART SDN.BHD.,TF VALUE-MART SDN.BHD.
THYE CHUAN CHAN SDN BHD,THYE CHUAN CHAN SDN BHD
TT FRESH MART PREMIUM SDN BHD,TT FRESH MART PREMIUM SDN BHD
WEST MALAYAN DISTRIBUTION SDN. BHD.,WEST MALAYAN DISTRIBUTION SDN. BHD.
AOMORI MART SDN BHD (JELAPANG),AOMORI MART SDN BHD
AOMORI MART SDN BHD (MANJOI),AOMORI MART SDN BHD
ARMANI VENTURE SDN BHD,ARMANI VENTURE SDN BHD
B FAMILY MART SDN BHD,B FAMILY MART SDN BHD
BIG 10 FRESHMART (SOUTHERN) SDN BHD,BIG 10
BIG 10 GROCER (AYER HITAM) SDN BHD,BIG 10
BIG 10 GROCER (BUKIT BARU) SDN BHD,BIG 10
BIG 10 GROCER (GAMBANG) SDN BHD,BIG 10
BIG 10 GROCER (GEMENCHEH) SDN BHD,BIG 10
BIG 10 GROCER (KLUANG) SDN. BHD.,BIG 10
BIG 10 GROCER (SEGAMAT) SDN BHD,BIG 10
BIG 10 GROCER (SEREMBAN) SDN BHD,BIG 10
BIG 10 GROCER (GAMBANG) SDN BHD,BIG 10
CLC WHOLESALER GROUP SDN BHD - BANTING,CLC WHOLESALER GROUP
CLC WHOLESALER GROUP SDN. BHD.-SG PELEK,CLC WHOLESALER GROUP
EXCOWELL CORPORATION SDN BHD,EXCOWELL CORPORATION SDN BHD
